{"cameraMode":{"drawMode":0,"name":"Shaded","section":"Shading Mode"},"sceneLighting":true,"audioPlay":false,"sceneViewState":{"showFog":true,"showMaterialUpdate":false,"showSkybox":true,"showFlares":true,"showImageEffects":true,"showParticleSystems":true,"showVisualEffectGraphs":true,"m_FxEnabled":true},"in2DMode":false,"pivot":{"x":1.5186128616333008,"y":2.250157117843628,"z":-11.044900894165039},"rotation":{"x":-0.04585597664117813,"y":-0.9533461332321167,"z":0.19008924067020417,"w":-0.22997906804084779},"size":2.2070350646972658,"orthographic":false}