{"cameraMode":{"drawMode":0,"name":"Shaded","section":"Shading Mode"},"sceneLighting":true,"audioPlay":false,"sceneViewState":{"showFog":true,"showMaterialUpdate":false,"showSkybox":true,"showFlares":true,"showImageEffects":true,"showParticleSystems":true,"showVisualEffectGraphs":true,"m_FxEnabled":true},"in2DMode":false,"pivot":{"x":3.9981608390808107,"y":1.6639816761016846,"z":-12.784863471984864},"rotation":{"x":-0.062272850424051288,"y":-0.8711676001548767,"z":0.11461221426725388,"w":-0.4733342230319977},"size":2.8328800201416017,"orthographic":false}