{"cameraMode":{"drawMode":0,"name":"Shaded","section":"Shading Mode"},"sceneLighting":true,"audioPlay":false,"sceneViewState":{"showFog":true,"showMaterialUpdate":false,"showSkybox":true,"showFlares":true,"showImageEffects":true,"showParticleSystems":true,"showVisualEffectGraphs":true,"m_FxEnabled":true},"in2DMode":false,"pivot":{"x":4.825481414794922,"y":-0.6187965869903565,"z":-11.421106338500977},"rotation":{"x":0.038885410875082019,"y":-0.9600975513458252,"z":0.17204226553440095,"w":0.21700556576251985},"size":18.549320220947267,"orthographic":false}